{
  "type":"area",
  "name":"colorDiagonals",

  "points":1,

  "obj":[
    {

        "area":[
          [0,0],
          [1,1]
        ],
        "multiplicity":{
          "1":[0,1,2],
          "2":[0,1,2],
          "3":[0,1,2],
          "4":[0,1,2],
          "5":[0,1,2],
          "6":[0,1,2],
          "CYAN":[0,2],
          "GREEN":[0,2],
          "MAGENTA":[0,2],
          "RED":[0,2],
          "YELLOW":[0,2]
      }

    },
    {

        "area":[
          [0,0],
          [-1,1]
        ],
        "multiplicity":{
          "1":[0,1,2],
          "2":[0,1,2],
          "3":[0,1,2],
          "4":[0,1,2],
          "5":[0,1,2],
          "6":[0,1,2],
          "CYAN":[0,2],
          "GREEN":[0,2],
          "MAGENTA":[0,2],
          "RED":[0,2],
          "YELLOW":[0,2]
        }

    },
    {

        "area":[
          [0,0],
          [-1,-1]
        ],
        "multiplicity":{
          "1":[0,1,2],
          "2":[0,1,2],
          "3":[0,1,2],
          "4":[0,1,2],
          "5":[0,1,2],
          "6":[0,1,2],
          "CYAN":[0,2],
          "GREEN":[0,2],
          "MAGENTA":[0,2],
          "RED":[0,2],
          "YELLOW":[0,2]
        }
    },
    {

        "area":[
          [0,0],
          [1,-1]
        ],
        "multiplicity":{
          "1":[0,1,2],
          "2":[0,1,2],
          "3":[0,1,2],
          "4":[0,1,2],
          "5":[0,1,2],
          "6":[0,1,2],
          "CYAN":[0,2],
          "GREEN":[0,2],
          "MAGENTA":[0,2],
          "RED":[0,2],
          "YELLOW":[0,2]
        }
      }


  ]

}